{
  "version": 2,
  "builds": [
    {
      "src": "package.json",
      "use": "@vercel/static-build",
      "config": {
        "distDir": "dist"
      }
    }
  ],
  "routes": [
    { "src": "/api/(.*)", "dest": "http://Finance-app-env.eba-63qkf9zb.us-east-1.elasticbeanstalk.com/api/$1" },
    { "handle": "filesystem" },
    { "src": "/assets/(.*)", "dest": "/assets/$1" },
    { "src": "/icons/(.*)", "dest": "/icons/$1" },
    { "src": "/[^.]+", "dest": "/index.html" }
  ],
  "headers": [
    {
      "source": "/api/(.*)",
      "headers": [
        { "key": "Access-Control-Allow-Credentials", "value": "true" },
        { "key": "Access-Control-Allow-Origin", "value": "*" },
        { "key": "Access-Control-Allow-Methods", "value": "GET,OPTIONS,PATCH,DELETE,POST,PUT" },
        { "key": "Access-Control-Allow-Headers", "value": "X-CSRF-Token, X-Requested-With, Accept, Accept-Version, Content-Length, Content-MD5, Content-Type, Date, X-Api-Version, x-auth-token, Authorization" }
      ]
    }
  ]
} 